email,username,password,first_name,last_name,image_url,interests,hobbies,zip_code,friend_radius
davidsoncarlos@lewis.com,sbrown,$2b$12$Q1PUFjhN/AWRQ21LbGYvjeLpZZB6lfZ1BPwifHALGO6oIbyC3CmJe,Roberto,Owens,https://randomuser.me/api/portraits/women/25.jpg,Until human meeting agent.,Impact least his send free.,00833,5
vtaylor@scott-brown.info,mary24,$2b$12$Q1PUFjhN/AWRQ21LbGYvjeLpZZB6lfZ1BPwifHALGO6oIbyC3CmJe,Gwendolyn,Fitzgerald,https://randomuser.me/api/portraits/men/95.jpg,Attention how job learn bank base.,Exactly among professor evidence pretty despite adult.,86213,100
sherry27@yahoo.com,jesseperry,$2b$12$Q1PUFjhN/AWRQ21LbGYvjeLpZZB6lfZ1BPwifHALGO6oIbyC3CmJe,Jonathan,Jennings,https://randomuser.me/api/portraits/men/47.jpg,Study most it parent list bank method.,Seat fact measure father enjoy happy home strategy.,01661,15
peggy13@yahoo.com,brittanymoore,$2b$12$Q1PUFjhN/AWRQ21LbGYvjeLpZZB6lfZ1BPwifHALGO6oIbyC3CmJe,Cynthia,Phillips,https://randomuser.me/api/portraits/men/70.jpg,Manage fast throughout point spend today admit.,Agreement newspaper there baby on stop.,63226,30
jessicarobles@gmail.com,hrodriguez,$2b$12$Q1PUFjhN/AWRQ21LbGYvjeLpZZB6lfZ1BPwifHALGO6oIbyC3CmJe,Elizabeth,Brewer,https://randomuser.me/api/portraits/men/63.jpg,Over maintain want sell compare always.,Police tree back force sometimes relate.,19990,5
andrew40@hotmail.com,tylerstrong,$2b$12$Q1PUFjhN/AWRQ21LbGYvjeLpZZB6lfZ1BPwifHALGO6oIbyC3CmJe,Kristen,Reed,https://randomuser.me/api/portraits/women/5.jpg,West future particularly culture add.,Down actually until nice.,71573,5
elliottroger@hotmail.com,nicholaspittman,$2b$12$Q1PUFjhN/AWRQ21LbGYvjeLpZZB6lfZ1BPwifHALGO6oIbyC3CmJe,Kenneth,Hawkins,https://randomuser.me/api/portraits/women/66.jpg,Reduce church region organization eye create technology traditional.,Nor fish store evening.,99798,15
kingdeborah@johnson.com,ctran,$2b$12$Q1PUFjhN/AWRQ21LbGYvjeLpZZB6lfZ1BPwifHALGO6oIbyC3CmJe,Stephanie,Nunez,https://randomuser.me/api/portraits/women/0.jpg,Many perhaps consider interesting face.,None on lawyer guess blue.,46296,30
masonkathleen@morris.info,frobinson,$2b$12$Q1PUFjhN/AWRQ21LbGYvjeLpZZB6lfZ1BPwifHALGO6oIbyC3CmJe,Kelly,Huber,https://randomuser.me/api/portraits/men/3.jpg,Pass nothing your energy.,Edge coach number game eat somebody.,31145,5
yrobinson@yahoo.com,eburke,$2b$12$Q1PUFjhN/AWRQ21LbGYvjeLpZZB6lfZ1BPwifHALGO6oIbyC3CmJe,Gabriel,Brown,https://randomuser.me/api/portraits/men/47.jpg,Actually million study few.,Low education government discover very yourself poor your.,32233,5
smithtiffany@hotmail.com,nicholas28,$2b$12$Q1PUFjhN/AWRQ21LbGYvjeLpZZB6lfZ1BPwifHALGO6oIbyC3CmJe,John,Herring,https://randomuser.me/api/portraits/men/48.jpg,These old affect vote represent.,Involve later describe might.,54190,100
nyates@hotmail.com,ngardner,$2b$12$Q1PUFjhN/AWRQ21LbGYvjeLpZZB6lfZ1BPwifHALGO6oIbyC3CmJe,Elizabeth,Alvarez,https://randomuser.me/api/portraits/men/58.jpg,Do end should test product newspaper.,Matter suffer history stage wife.,17646,30
ldavis@hotmail.com,james47,$2b$12$Q1PUFjhN/AWRQ21LbGYvjeLpZZB6lfZ1BPwifHALGO6oIbyC3CmJe,Steven,Richardson,https://randomuser.me/api/portraits/women/67.jpg,Generation light role campaign lay need friend.,Player performance common more watch if radio law.,08752,15
pwilson@cooper.com,vgentry,$2b$12$Q1PUFjhN/AWRQ21LbGYvjeLpZZB6lfZ1BPwifHALGO6oIbyC3CmJe,James,Gonzalez,https://randomuser.me/api/portraits/women/57.jpg,Almost inside agree number sing bit relationship occur.,Executive artist whom end part ahead.,16143,30
johnsonelizabeth@berry.info,ryanthomas,$2b$12$Q1PUFjhN/AWRQ21LbGYvjeLpZZB6lfZ1BPwifHALGO6oIbyC3CmJe,Robin,Meyer,https://randomuser.me/api/portraits/women/97.jpg,Then improve important range single two.,Near simple chair.,48768,100
brittanyevans@yahoo.com,meyerdennis,$2b$12$Q1PUFjhN/AWRQ21LbGYvjeLpZZB6lfZ1BPwifHALGO6oIbyC3CmJe,Robert,Jenkins,https://randomuser.me/api/portraits/women/56.jpg,Drug first recently body between finish bad control.,Suddenly treatment there rather question when.,00664,5
xpalmer@maynard.com,jason24,$2b$12$Q1PUFjhN/AWRQ21LbGYvjeLpZZB6lfZ1BPwifHALGO6oIbyC3CmJe,Charles,Moore,https://randomuser.me/api/portraits/men/71.jpg,Popular these example million them structure your.,Scene serve difficult eat him significant.,51254,30
johnkeith@yahoo.com,kelly12,$2b$12$Q1PUFjhN/AWRQ21LbGYvjeLpZZB6lfZ1BPwifHALGO6oIbyC3CmJe,Jeanette,Yoder,https://randomuser.me/api/portraits/women/82.jpg,Within should fight major.,Surface measure recognize who town since interview.,50771,100
jacksonamber@wagner-carlson.com,joshua20,$2b$12$Q1PUFjhN/AWRQ21LbGYvjeLpZZB6lfZ1BPwifHALGO6oIbyC3CmJe,Nicholas,Brady,https://randomuser.me/api/portraits/women/12.jpg,Glass thousand hair scene.,West here difficult raise.,43202,5
kim57@gmail.com,tbryant,$2b$12$Q1PUFjhN/AWRQ21LbGYvjeLpZZB6lfZ1BPwifHALGO6oIbyC3CmJe,Adam,Hansen,https://randomuser.me/api/portraits/women/46.jpg,Continue within study.,Father think help discussion understand.,02759,15
marialee@yahoo.com,vicki08,$2b$12$Q1PUFjhN/AWRQ21LbGYvjeLpZZB6lfZ1BPwifHALGO6oIbyC3CmJe,Jesse,Lewis,https://randomuser.me/api/portraits/women/55.jpg,Top long nor bank population.,Wife military his politics leader fine.,00656,30
robertallen@hotmail.com,wmiller,$2b$12$Q1PUFjhN/AWRQ21LbGYvjeLpZZB6lfZ1BPwifHALGO6oIbyC3CmJe,Michelle,Price,https://randomuser.me/api/portraits/men/48.jpg,Woman pass church response participant challenge six.,Game beyond real soldier.,75555,30
karen08@greene.net,nathanpetersen,$2b$12$Q1PUFjhN/AWRQ21LbGYvjeLpZZB6lfZ1BPwifHALGO6oIbyC3CmJe,Timothy,Smith,https://randomuser.me/api/portraits/women/86.jpg,Smile college respond strong every though.,Model important picture baby issue worker.,01256,5
allisonlopez@yahoo.com,utanner,$2b$12$Q1PUFjhN/AWRQ21LbGYvjeLpZZB6lfZ1BPwifHALGO6oIbyC3CmJe,Sydney,Perez,https://randomuser.me/api/portraits/men/24.jpg,Single PM yard know.,Direction let approach expect enough.,98811,30
carterashley@moore.com,jeremiahholmes,$2b$12$Q1PUFjhN/AWRQ21LbGYvjeLpZZB6lfZ1BPwifHALGO6oIbyC3CmJe,Claudia,Hendrix,https://randomuser.me/api/portraits/women/83.jpg,Before yet public create challenge general.,Factor believe develop teacher into there.,36241,30
anna25@coffey-jones.com,perryannette,$2b$12$Q1PUFjhN/AWRQ21LbGYvjeLpZZB6lfZ1BPwifHALGO6oIbyC3CmJe,Laura,West,https://randomuser.me/api/portraits/men/17.jpg,Another however attention successful issue sound ok.,Especially stock economic hospital own time.,69119,30
slucas@yahoo.com,sullivanandrew,$2b$12$Q1PUFjhN/AWRQ21LbGYvjeLpZZB6lfZ1BPwifHALGO6oIbyC3CmJe,Alison,Rose,https://randomuser.me/api/portraits/men/67.jpg,But guess father training system improve.,Find source attorney strategy open else statement.,83136,15
uhawkins@sherman.com,jesse92,$2b$12$Q1PUFjhN/AWRQ21LbGYvjeLpZZB6lfZ1BPwifHALGO6oIbyC3CmJe,Benjamin,Morris,https://randomuser.me/api/portraits/women/71.jpg,Last audience option short article.,Follow listen interview ground particular it national.,84202,30
krista41@hotmail.com,taylor67,$2b$12$Q1PUFjhN/AWRQ21LbGYvjeLpZZB6lfZ1BPwifHALGO6oIbyC3CmJe,Gabrielle,Fry,https://randomuser.me/api/portraits/men/97.jpg,Than simply difficult.,Size enter seek represent sport audience with.,36327,15
justinrodriguez@gmail.com,vwalker,$2b$12$Q1PUFjhN/AWRQ21LbGYvjeLpZZB6lfZ1BPwifHALGO6oIbyC3CmJe,Elizabeth,Holloway,https://randomuser.me/api/portraits/men/11.jpg,Yourself scientist each certainly where yard avoid.,Cold thing build lawyer over authority property court.,59419,5
adrianjenkins@dixon.info,olsonandrew,$2b$12$Q1PUFjhN/AWRQ21LbGYvjeLpZZB6lfZ1BPwifHALGO6oIbyC3CmJe,Emily,Maxwell,https://randomuser.me/api/portraits/women/79.jpg,To west small board.,Television unit chance officer rule third job boy.,50869,100
reedmatthew@yahoo.com,kathy07,$2b$12$Q1PUFjhN/AWRQ21LbGYvjeLpZZB6lfZ1BPwifHALGO6oIbyC3CmJe,Gloria,Murray,https://randomuser.me/api/portraits/women/44.jpg,Either into together go pay suffer.,Enjoy push hold white.,78690,5
christopherduffy@gmail.com,lhall,$2b$12$Q1PUFjhN/AWRQ21LbGYvjeLpZZB6lfZ1BPwifHALGO6oIbyC3CmJe,Jodi,Cross,https://randomuser.me/api/portraits/men/1.jpg,Little while decide pay police situation.,Campaign teacher action particular.,36936,15
marcus72@yahoo.com,gregorykennedy,$2b$12$Q1PUFjhN/AWRQ21LbGYvjeLpZZB6lfZ1BPwifHALGO6oIbyC3CmJe,Mary,Green,https://randomuser.me/api/portraits/women/38.jpg,Buy indeed woman house rock alone many.,Town voice stock space billion player life.,37272,30
matthew05@hotmail.com,edwardschristopher,$2b$12$Q1PUFjhN/AWRQ21LbGYvjeLpZZB6lfZ1BPwifHALGO6oIbyC3CmJe,Cynthia,Beasley,https://randomuser.me/api/portraits/men/59.jpg,Brother space quality ten happen manager.,Understand look black financial rich often happen.,70053,15
jessica68@anderson-jones.com,lyoung,$2b$12$Q1PUFjhN/AWRQ21LbGYvjeLpZZB6lfZ1BPwifHALGO6oIbyC3CmJe,Samantha,Cooper,https://randomuser.me/api/portraits/women/29.jpg,Art do population different window.,Should box none contain.,90020,100
sheila98@yahoo.com,erinmckenzie,$2b$12$Q1PUFjhN/AWRQ21LbGYvjeLpZZB6lfZ1BPwifHALGO6oIbyC3CmJe,Robert,Morris,https://randomuser.me/api/portraits/women/28.jpg,Window in sport look gun age.,Water speech Congress author.,76434,15
gsmith@gmail.com,othomas,$2b$12$Q1PUFjhN/AWRQ21LbGYvjeLpZZB6lfZ1BPwifHALGO6oIbyC3CmJe,Gwendolyn,Finley,https://randomuser.me/api/portraits/women/58.jpg,Strategy left sell point.,Turn sometimes none big deep yet television standard.,04300,100
dianajackson@hotmail.com,jessica25,$2b$12$Q1PUFjhN/AWRQ21LbGYvjeLpZZB6lfZ1BPwifHALGO6oIbyC3CmJe,Jennifer,Gregory,https://randomuser.me/api/portraits/men/52.jpg,Suffer each truth middle until people.,Really decade well candidate method beautiful.,09540,100
chrismartin@hotmail.com,pearsonrandy,$2b$12$Q1PUFjhN/AWRQ21LbGYvjeLpZZB6lfZ1BPwifHALGO6oIbyC3CmJe,George,Madden,https://randomuser.me/api/portraits/women/54.jpg,Four significant box professor.,Must thus place write degree.,86624,100
